url	first_seen	portal	title	company	status
https://unjobs.org/vacancies/1767208633031	2026-04-17	unjobs.org	Project Analyst (Climate Resilience / GCF)	UNDP Thailand	new
https://www.unjobnet.org/jobs/detail/52348814	2026-04-17	unjobnet.org	Consultant – Climate Finance	UNESCAP	new
https://unjobs.org/vacancies/1774561034325	2026-04-17	unjobs.org	National Cooling Consultant	UNESCAP	new
https://www.unjobnet.org/jobs/detail/72662144	2026-04-17	unjobnet.org	Climate Finance Specialist	UNESCAP	new
https://www.unjobnet.org/jobs/detail/83142780	2026-04-17	unjobnet.org	FDI and Green Investment Research Consultant	UNESCAP	new
https://www.unjobnet.org/jobs/detail/82514384	2026-04-17	unjobnet.org	National Climate Analysis Expert	UNESCAP	new
https://careers.un.org/jobSearchDescription/271848	2026-04-17	careers.un.org	Programme Management Officer P3	UNEP	new
https://careers.un.org/jobSearchDescription/254689	2026-04-17	careers.un.org	Climate Change Analyst	UN Careers	new
https://careers.un.org/jobSearchDescription/261340	2026-04-17	careers.un.org	Climate Policy and Energy Transition Advisor	UN Careers	new
https://careers.un.org/jobSearchDescription/267132	2026-04-17	careers.un.org	International Sustainability Consultant	UN Careers	new
https://careers.un.org/jobSearchDescription/261733	2026-04-17	careers.un.org	Associate Programme Management Officer P2	UN Careers	new
https://careers.un.org/jobSearchDescription/246773	2026-04-17	careers.un.org	Associate Programme Management Officer	UN Careers	new
https://www.intjobs.com/job_display/263779/Sustainable_Development_Officer_P4_UN_ESCAP_United_Nations_Economic_and_Social_Commission_for_Asia_and_the_Pacific_Bangkok_Thailand	2026-04-17	intjobs.com	Sustainable Development Officer P4	UNESCAP	new
https://jobs.unops.org/pages/viewvacancy/VADetails.aspx?id=30199	2026-04-17	jobs.unops.org	Project Support Officer	UNOPS	new
https://www.linkedin.com/jobs/view/senior-programme-manager-climate-justice-at-unops-4258849021	2026-04-17	linkedin.com	Senior Programme Manager (Climate Justice)	UNOPS	new
https://www.linkedin.com/jobs/view/environment-and-climate-change-advisor-at-unops-3981489371	2026-04-17	linkedin.com	Environment and Climate Change Advisor	UNOPS	new
https://careers.gggi.org/vacancy/project-officer-602467.html	2026-04-17	careers.gggi.org	Project Officer (RP26-16)	GGGI	new
https://www.impactpool.org/jobs/1177972	2026-04-17	impactpool.org	Individual Consultant – ESG Specialist	GGGI	new
https://www.impactpool.org/jobs/1083883	2026-04-17	impactpool.org	Junior Sustainability Consultant	GGGI	new
https://www.impactpool.org/jobs/990297	2026-04-17	impactpool.org	Sustainable Energy Officer	GGGI	new
https://careers.gggi.org/vacancy/mexico-energy-and-climate-individual-consultant-598612.html	2026-04-17	careers.gggi.org	Energy and Climate Individual Consultant	GGGI	new
https://www.sei.org/people/jobs/research-fellow-urban/	2026-04-17	sei.org	Research Fellow – Urban	SEI Asia (Bangkok)	new
https://www.sei.org/people/jobs/research-fellow-bankable-climate-adaptation/	2026-04-17	sei.org	Research Fellow – Bankable Climate Adaptation Solutions	SEI Asia (Bangkok)	new
https://www.sei.org/people/jobs/research-fellow-climate-finance-gesi-capdev/	2026-04-17	sei.org	Research Fellow – Climate Finance GESI & Capacity Development	SEI Asia (Bangkok)	new
https://www.sei.org/people/jobs/research-fellow-mreal/	2026-04-17	sei.org	Research Fellow – MREAL	SEI Asia (Bangkok)	new
https://www.sei.org/people/jobs/research-fellow-climate-impact-and-climate-finance/	2026-04-17	sei.org	Research Fellow – Climate Impact and Climate Finance	SEI Asia (Bangkok)	new
https://www.sei.org/people/jobs/research-associate-genjust/	2026-04-17	sei.org	Research Associate	SEI Asia (Bangkok)	new
https://www.aiib.org/en/opportunities/career/job-vacancies/graduate-program/job-details/Environment-and-Social-Analysts.html	2026-04-17	aiib.org	Environment and Social Analysts	AIIB	new
https://www.aiib.org/en/opportunities/career/job-vacancies/graduate-program/job-details/investment-analyst-energy.html	2026-04-17	aiib.org	Investment Analyst – Energy	AIIB	new
https://www.adb.org/careers/260296	2026-04-17	adb.org	Project Analyst	ADB	new
https://www.wri.org/careers/jobs/gedsi-research-analyst-2026-jr100039	2026-04-17	wri.org	GEDSI Research Analyst	WRI Indonesia	new
https://www.wri.org/careers/jobs/sustainable-finance-partnership-and-mobilization-consultant-2026-jr100019	2026-04-17	wri.org	Sustainable Finance Partnership and Mobilization Consultant	WRI Indonesia	new
https://www.wri.org/careers/jobs/sustainable-transport-analyst-2025-jr100047	2026-04-17	wri.org	Sustainable Transport Analyst	WRI Indonesia	new
https://www.wri.org/careers/jobs/planning-monitoring-and-reporting-specialist-2026-jr100042	2026-04-17	wri.org	Planning Monitoring and Reporting Specialist	WRI	new
https://unjobs.org/vacancies/1757111070563	2026-04-17	unjobs.org	Analyst – Centre for Sustainable Finance	CPI India	new
https://www.climatepolicyinitiative.org/career/junior-analyst-green-sustainable-finance/	2026-04-17	climatepolicyinitiative.org	Junior Analyst – Green & Sustainable Finance	CPI	new
https://www.climatepolicyinitiative.org/career/senior-analyst-centre-for-sustainable-finance/	2026-04-17	climatepolicyinitiative.org	Senior Analyst – Centre for Sustainable Finance	CPI India	new
https://www.thaingo.org/jobs/detail/15108	2026-04-17	thaingo.org	Junior Advisor – Thai Climate Initiative	GIZ Thailand	new
https://www.thaingo.org/jobs/detail/14628	2026-04-17	thaingo.org	Project Advisor – CASE Thailand	GIZ Thailand	new
https://www.thai-german-cooperation.info/en_US/vacancies/	2026-04-17	thai-german-cooperation.info	Junior Advisor – Carbon Market / Renewable Energy	GIZ Thailand	new
https://jobs.sea.deloitte.com/job/Bangkok-Analyst-Center-of-Excellence-Environmental,-Social-and-Governance-TH/776770210/	2026-04-17	jobs.sea.deloitte.com	Analyst – ESG Centre of Excellence	Deloitte Thailand	new
https://jobs.sea.deloitte.com/job/Singapore-Risk-Advisory-Sustainability-&-Climate-Change/583472110/	2026-04-17	jobs.sea.deloitte.com	Risk Advisory – Sustainability & Climate Change	Deloitte Singapore	new
https://eyglobal.yello.co/jobs/ZNzDDOPB8vFcsslBV5IE8w?job_board_id=c1riT--B2O-KySgYWsZO1Q	2026-04-17	ey.com	Associate – Assurance Climate Change & Sustainability Services (2026 Graduates)	EY Singapore	new
https://www.climatechangecareers.com/job/nasdaq/taguig-philippines/sustainability-and-climate-analyst/	2026-04-17	climatechangecareers.com	Sustainability and Climate Analyst	Nasdaq (Philippines)	new
https://www.climatechangecareers.com/job/nasdaq/taguig-philippines/senior-sustainability-and-climate-advisory-analyst/	2026-04-17	climatechangecareers.com	Senior Sustainability and Climate Advisory Analyst	Nasdaq (Philippines)	new
https://www.eco-business.com/jobs/esg-intelligence-analyst-associate-singapore/	2026-04-17	eco-business.com	ESG Intelligence Analyst / Associate	Eco-Business (Singapore)	new
https://www.eco-business.com/jobs/asia-pacific-lead-esg-intelligence/	2026-04-17	eco-business.com	Asia Pacific Lead – ESG Intelligence	Eco-Business (Singapore)	new
https://careers.legalandgeneral.com/job/esg-analyst-in-singapore-jid-1269	2026-04-17	legalandgeneral.com	ESG Analyst – Investment Stewardship	Legal & General (Singapore)	new
https://www.devex.com/jobs/environmental-social-and-governance-esg-specialist-usaid-thailand-pagi-1260041	2026-04-17	devex.com	ESG Specialist (USAID/Thailand PAGI)	USAID Thailand	new
https://www.devex.com/jobs/esg-reporting-and-disclosures-analyst-associate-environmental-and-social-governance-1245124	2026-04-17	devex.com	ESG Reporting and Disclosures Analyst/Associate	Devex listing	new
https://www.devex.com/jobs/analyst-climate-policy-1419151	2026-04-17	devex.com	Analyst – Climate Policy	ICF	new
https://www.devex.com/jobs/individual-consultant-expert-engagement-framework-on-climate-finance-1413867	2026-04-17	devex.com	Individual Consultant – Expert Engagement Framework on Climate Finance	Devex listing	new
https://careers.msci.com/job/14509026/	2026-04-17	msci.com	ESG Issuer Relations – APAC	MSCI (Singapore)	new
https://www.climatefinanceasia.com/about-us/careers/	2026-04-17	climatefinanceasia.com	Junior Consultant	Climate Finance Asia (Tokyo)	new
https://www.ricardo.com/en/careers/vacancies/2026-3263-analyst-consultant-energy-and-carbon-policy	2026-04-17	ricardo.com	Analyst Consultant – Energy and Carbon Policy	Ricardo	new
https://reliefweb.int/job/4016135/climate-change-specialist-asia	2026-04-17	reliefweb.int	Climate Change Specialist – Asia	NGO (Asia)	new
https://reliefweb.int/job/3984413/consultant-climate-action	2026-04-17	reliefweb.int	Consultant – Climate Action	NGO	new
https://reliefweb.int/job/4053352/experienced-consultant-climate-adaptation-mission-easts-inclusive-climate-solutions-study	2026-04-17	reliefweb.int	Experienced Consultant – Climate Adaptation	Mission East	new
https://www.impactpool.org/jobs/1085110	2026-04-17	impactpool.org	Environment Economist / Policy Analyst – Climate Change Adaptation	OECD	new
https://www.mycareersfuture.gov.sg/job/consulting/sustainability-esg-consultant-sgs-international-certification-services-singapore-5a31169b885c05fc7aa1a6e4ee541c79	2026-04-17	mycareersfuture.gov.sg	Sustainability & ESG Consultant – Carbon Management	SGS International (Singapore)	new
https://www.mycareersfuture.gov.sg/job/managing-consultant-corporate-sustainability-climate-change-environmental-resources-management-dddcadbbce041fe24af116ad6bd9fa34	2026-04-17	mycareersfuture.gov.sg	Managing Consultant – Corporate Sustainability & Climate Change	ERM (Singapore)	new
https://www.mycareersfuture.gov.sg/job/esg-sustainability-consultant-iso-consultants-f044bd689775b35144232e319a43e843	2026-04-17	mycareersfuture.gov.sg	ESG & Sustainability Consultant	ISO Consultants (Singapore)	new
https://www.mycareersfuture.gov.sg/job/sustainability-esg-specialist-american-bureau-shipping-cfdf89fbbe1577957e625257fd2f669d	2026-04-17	mycareersfuture.gov.sg	Sustainability ESG Specialist	American Bureau of Shipping (Singapore)	new
https://www.climatechangecareers.com/job/sei/remote/project-and-sustainability-associate/	2026-04-17	climatechangecareers.com	Project and Sustainability Associate	SEI (Remote)	new
https://www.climatechangecareers.com/job/sei/remote/strategic-energy-management-associate/	2026-04-17	climatechangecareers.com	Strategic Energy Management Associate	SEI (Remote)	new
https://www.climatechangecareers.com/job/climate-connectors/remote/strategy-research-associate-consultant/	2026-04-17	climatechangecareers.com	Strategy & Research Associate Consultant	Climate Connectors (Remote)	new
https://www.climatechangecareers.com/job/world-resources-institute/remote/consultant-as-research-assistant-for-payment-watershed-services-policy-merangin-based/	2026-04-17	climatechangecareers.com	Consultant – Research Assistant Payment for Watershed Services Policy	WRI (Indonesia/Remote)	new
https://www.aiib.org/en/opportunities/career/job-vacancies/graduate-program/job-details/Environment-Analyst.html	2026-04-27	aiib.org	Environment Analyst (Graduate Program)	AIIB	added
https://www.aiib.org/en/opportunities/career/job-vacancies/staff/job-details/Environment-Associate.html	2026-04-27	aiib.org	Environment Associate (Staff)	AIIB	added
https://www.aiib.org/en/opportunities/career/job-vacancies/staff/future-job-details/Environment-Associate-for-pooling-only.html	2026-04-27	aiib.org	Environment Associate (Pooling)	AIIB	added
https://www.aiib.org/en/opportunities/career/job-vacancies/graduate-program/job-details/investment-analyst-infrastructure60.html	2026-04-27	aiib.org	Investment Analyst – Infrastructure (Graduate Program)	AIIB	added
https://unjobs.org/vacancies/1775252021936	2026-04-27	unjobs.org	Programme Management – Senior Officer (Bangkok)	UNOPS	added
https://unjobs.org/vacancies/1776938608815	2026-04-27	unjobs.org	Energy Finance Expert (Bangkok)	UNEP	added
https://careers.un.org/jobSearchDescription/274487	2026-04-27	careers.un.org	Stakeholder Engagement and Data Collection Consultant	UNEP	added
https://careers.un.org/jobSearchDescription/271977	2026-04-27	careers.un.org	Passive Cooling Expert (Cool Coalition)	UNEP	added
https://unjobs.org/vacancies/1774474504647	2026-04-27	unjobs.org	Individual Contractor – 2030 Agenda Follow-up and Review (Bangkok)	UNESCAP	added
https://www.unjobnet.org/jobs/detail/85823466	2026-04-27	unjobnet.org	Programme Specialist (Climate Finance) – Bangkok	UNICEF	added
https://www.unjobnet.org/jobs/detail/85806262	2026-04-27	unjobnet.org	Training Officer (Biomass Energy)	UNDP	added
https://www.impactpool.org/jobs/1201675	2026-04-27	impactpool.org	Climate Services Financing and Sustainability Consultant	UNEP	added
https://www.impactpool.org/jobs/1191413	2026-04-27	impactpool.org	Renewable Energy & Access to Finance Coaching Expert	UNEP	added
https://careers.gggi.org/vacancy/climate-change-risk-and-sustainable-finance-regulation-ic-urf-600295.html	2026-04-27	careers.gggi.org	Climate Change Risk and Sustainable Finance Regulation IC (URF)	GGGI	added
https://careers.gggi.org/vacancy/-investment-officer-609445.html	2026-04-27	careers.gggi.org	Investment Officer (RP26-33)	GGGI	added
https://www.wri.org/careers/jobs/bali-net-zero-emission-policy-specialist-2026-jr100047	2026-04-27	wri.org	Bali Net Zero Emission Policy Specialist	WRI	added
https://www.wri.org/careers/jobs/country-engagement-partner-engagement-specialist-2026-jr100165	2026-04-27	wri.org	Country Engagement Partner Engagement Specialist	WRI	added
https://reliefweb.int/job/3922173/disaster-risk-reduction-and-climate-change-analyst-partnerships-infrastructure	2026-04-27	reliefweb.int	Disaster Risk Reduction and Climate Change Analyst (Thailand)	P4I (DFAT)	added
https://reliefweb.int/job/4107488/consultancy-climate-and-water-research-analyst-remote	2026-04-27	reliefweb.int	Climate and Water Research Analyst (Remote)	NGO	added
https://reliefweb.int/job/3988913/climate-resilience-national-training-officer-bangladesh	2026-04-27	reliefweb.int	Climate Resilience National Training Officer (Bangladesh)	ADPC	added
https://reliefweb.int/job/3998840/climate-resilience-training-and-capacity-development-officer	2026-04-27	reliefweb.int	Climate Resilience Training and Capacity Development Officer (Thailand)	CARE / South Asia	added
https://reliefweb.int/job/3900508/climate-change-cc-adviser	2026-04-27	reliefweb.int	Climate Change (CC) Adviser (Thailand)	P4I (DFAT)	added
https://reliefweb.int/job/4194246/financing-analyst-development-peace-climate-sohs-2026-report	2026-04-27	reliefweb.int	Financing Analyst – Development, Peace, Climate (SOHS 2026 Report)	NGO	added
https://erm.wd3.myworkdayjobs.com/ERM_Careers/job/Bangkok-Thailand/Managing-Consultant-Corporate-Sustainability---Climate-Change_R00019699	2026-04-27	erm.com	Managing Consultant – Corporate Sustainability & Climate Change (Bangkok)	ERM	added
https://www.climatechangecareers.com/job/pwc-singapore/singapore-singapore/risk-services-sustainability-and-climate-change-advisory-senior-associate/	2026-04-27	climatechangecareers.com	Risk Services – Sustainability and Climate Change Advisory Senior Associate	PwC Singapore	added
https://www.climatechangecareers.com/job/ey/hong-kong-hong-kong/assurance-climate-change-and-sustainability-service-senior-associate-hk/	2026-04-27	climatechangecareers.com	Assurance – Climate Change and Sustainability Service Senior Associate (HK)	EY Hong Kong	added
https://www.climatechangecareers.com/job/sequoia-climate-foundation/remote/program-consultant-southeast-asia/	2026-04-27	climatechangecareers.com	Program Consultant – Southeast Asia (Remote)	Sequoia Climate Foundation	added
https://www.dbs.com/careers/management-associate-programme/singapore	2026-04-27	dbs.com	Management Associate Programme (Singapore, 2026)	DBS	added
https://www.sei.org/people/jobs/research-associate-operationalization-raif-asia/	2026-04-27	sei.org	Research Associate – Operationalization RAIF Asia (Bangkok)	SEI Asia	added
https://www.thaingo.org/jobs/detail/10221/219	2026-04-27	thaingo.org	Climate Finance Coordinator (Bangkok)	GIZ Thailand	added
https://www.thaingo.org/jobs/detail/16950	2026-04-27	thaingo.org	Researcher – Sustainable Finance / Climate / Just Energy Transition	GIZ / SEI / NGO	added
https://www.thaingo.org/jobs/detail/18089/2	2026-04-27	thaingo.org	Climate and Carbon Consultant (Bangkok)	NGO Thailand	added
